postcode,suburb
4000,brisbane
4000,brisbane adelaide street
4000,spring hill
4001,brisbane
4001,central plaza
4001,riverside centre
4001,waterfront place
4003,george street
4004,spring hill
4005,new farm
4006,bowen hills
4006,fortitude valley
4006,herston
4006,newstead
4007,ascot
4007,hamilton
4007,hamilton central
4008,pinkenba
4009,eagle farm
4010,albion
4011,clayfield
4011,hendra
4012,nundah
4012,toombul
4012,wavell heights
4012,wavell heights north
4013,northgate
4014,banyo
4014,nudgee
4014,nudgee beach
4014,virginia
4017,bracken ridge
4017,brighton
4017,brighton eventide
4017,brighton nathan street
4017,deagon
4017,sandgate
4017,shorncliffe
4018,fitzgibbon
4018,taigum
4019,clontarf
4019,clontarf beach
4019,margate
4019,margate beach
4019,woody point
4020,redcliffe
4020,redcliffe north
4020,scarborough
4021,kippa-ring
4022,rothwell
4025,bulwer
4025,cape moreton
4025,cowan cowan
4025,kooringal
4025,tangalooma
4029,royal brisbane hospital
4030,lutwyche
4030,windsor
4030,wooloowin
4031,gordon park
4031,kedron
4032,chermside
4032,chermside centre
4032,chermside south
4032,chermside west
4034,aspley
4034,boondall
4034,carseldine
4034,geebung
4034,zillmere
4035,albany creek
4035,bridgeman downs
4036,bald hills
4037,eatons hill
4051,alderley
4051,enoggera
4051,gaythorne
4051,grange
4051,newmarket
4051,wilston
4053,brookside centre
4053,everton hills
4053,everton park
4053,mcdowall
4053,mitchelton
4053,stafford
4053,stafford heights
4054,arana hills
4054,keperra
4055,bunya
4055,ferny grove
4055,ferny hills
4055,upper kedron
4059,kelvin grove
4059,red hill
4060,ashgrove
4060,ashgrove west
4061,the gap
4064,milton
4064,paddington
4065,bardon
4066,auchenflower
4066,mount coot-tha
4066,toowong
4067,st lucia
4067,st lucia south
4068,chelmer
4068,indooroopilly
4068,indooroopilly centre
4068,taringa
4069,brookfield
4069,chapel hill
4069,fig tree pocket
4069,kenmore
4069,kenmore east
4069,kenmore hills
4069,pinjarra hills
4069,pullenvale
4069,upper brookfield
4070,anstead
4070,bellbowrie
4070,moggill
4072,university of queensland
4073,seventeen mile rocks
4073,sinnamon park
4074,jamboree heights
4074,jindalee
4074,middle park
4074,mount ommaney
4074,riverhills
4074,sumner
4074,westlake
4075,corinda
4075,graceville
4075,graceville east
4075,oxley
4075,sherwood
4076,darra
4076,wacol
4077,doolandella
4077,durack
4077,inala
4077,inala east
4077,inala heights
4077,richlands
4078,ellen grove
4078,forest lake
4101,highgate hill
4101,south brisbane
4101,west end
4102,buranda
4102,dutton park
4102,woolloongabba
4103,annerley
4103,fairfield
4103,fairfield gardens
4104,yeronga
4105,moorooka
4105,tennyson
4105,yeerongpilly
4106,brisbane market
4106,rocklea
4107,salisbury
4107,salisbury east
4108,archerfield
4108,coopers plains
4109,macgregor
4109,robertson
4109,sunnybank
4109,sunnybank hills
4109,sunnybank south
4110,acacia ridge
4110,heathwood
4110,larapinta
4110,pallara
4110,willawong
4111,nathan
4112,kuraby
4113,eight mile plains
4113,runcorn
4114,kingston
4114,logan central
4114,woodridge
4115,algester
4115,parkinson
4116,calamvale
4116,drewvale
4116,stretton
4117,berrinba
4117,karawatha
4118,browns plains
4118,forestdale
4118,heritage park
4118,hillcrest
4118,regents park
4119,underwood
4120,greenslopes
4120,stones corner
4121,holland park
4121,holland park east
4121,holland park west
4121,tarragindi
4121,wellers hill
4122,mansfield
4122,mount gravatt
4122,mount gravatt east
4122,upper mount gravatt
4122,wishart
4123,rochedale
4123,rochedale south
4124,boronia heights
4124,greenbank
4124,lyons
4124,new beith
4124,spring mountain
4125,munruben
4125,park ridge
4125,park ridge south
4127,daisy hill
4127,priestdale
4127,slacks creek
4127,springwood
4128,shailer park
4128,tanah merah
4129,loganholme
4130,carbrook
4130,cornubia
4131,loganlea
4131,meadowbrook
4132,crestmead
4132,marsden
4133,chambers flat
4133,logan reserve
4133,waterford
4133,waterford west
4151,coorparoo
4152,camp hill
4152,carina
4152,carina heights
4152,carindale
4153,belmont
4154,gumdale
4154,ransome
4154,wakerley
4155,chandler
4156,burbank
4156,mackenzie
4157,capalaba
4157,capalaba west
4157,sheldon
4158,thorneside
4159,birkdale
4160,ormiston
4160,wellington point
4161,alexandra hills
4163,cleveland
4164,thornlands
4165,mount cotton
4165,redland bay
4165,victoria point
4165,victoria point west
4169,east brisbane
4169,kangaroo point
4170,cannon hill
4170,morningside
4170,norman park
4170,seven hills
4171,balmoral
4171,bulimba
4171,hawthorne
4172,murarrie
4173,tingalpa
4174,hemmant
4178,lytton
4178,port of brisbane
4178,wynnum
4178,wynnum north
4178,wynnum plaza
4178,wynnum west
4179,lota
4179,manly
4179,manly west
4183,amity
4183,amity point
4183,dunwich
4183,north stradbroke island
4183,point lookout
4184,coochiemudlo island
4184,karragarra island
4184,lamb island
4184,macleay island
4184,peel island
4184,perulpa island
4184,russell island
4205,bethania
4207,alberton
4207,bahrs scrub
4207,bannockburn
4207,beenleigh
4207,belivah
4207,buccan
4207,cedar creek
4207,eagleby
4207,edens landing
4207,holmview
4207,logan village
4207,luscombe
4207,mount warren park
4207,stapylton
4207,steiglitz
4207,windaroo
4207,wolffdene
4207,woongoolba
4207,yarrabilba
4207,yatala
4208,gilberton
4208,jacobs well
4208,kingsholme
4208,norwell
4208,ormeau
4208,ormeau hills
4209,coomera
4209,pimpama
4209,upper coomera
4209,willow vale
4210,guanaba
4210,maudsland
4210,oxenford
4210,studio village
4210,wongawallan
4211,advancetown
4211,beechmont
4211,binna burra
4211,carrara
4211,clagiraba
4211,gaven
4211,gilston
4211,highland park
4211,lower beechmont
4211,mount nathan
4211,natural bridge
4211,nerang
4211,numinbah valley
4211,o'reilly
4211,pacific pines
4211,southern lamington
4212,helensvale
4212,helensvale town centre
4212,hope island
4212,sanctuary cove
4213,austinville
4213,bonogin
4213,mudgeeraba
4213,springbrook
4213,tallai
4213,worongary
4214,arundel
4214,ashmore
4214,ashmore city
4214,molendinar
4214,parkwood
4215,australia fair
4215,labrador
4215,southport
4215,southport park
4216,biggera waters
4216,coombabah
4216,hollywell
4216,paradise point
4216,runaway bay
4216,south stradbroke
4217,benowa
4217,bundall
4217,chevron island
4217,isle of capri
4217,main beach
4217,surfers paradise
4218,broadbeach
4218,broadbeach waters
4218,mermaid beach
4218,mermaid waters
4218,nobby beach
4218,pacific fair
4218,q supercentre
4219,west burleigh
4220,burleigh heads
4220,burleigh town
4220,burleigh waters
4220,miami
4221,elanora
4221,palm beach
4223,currumbin
4223,currumbin valley
4223,currumbin waters
4224,tugun
4224,tugun heights
4225,bilinga
4225,coolangatta
4226,clear island waters
4226,merrimac
4226,robina
4227,reedy creek
4227,varsity lakes
4228,tallebudgera
4228,tallebudgera valley
4229,bond university
4230,robina town centre
4270,tamborine
4271,eagle heights
4272,mount tamborine
4272,north tamborine
4272,tamborine mountain
4275,benobble
4275,biddaddaba
4275,boyland
4275,canungra
4275,ferny glen
4275,flying fox
4275,illinbah
4275,lamington national park
4275,sarabah
4275,witheren
4275,wonglepong
4280,jimboomba
4280,north maclean
4280,south maclean
4280,stockleigh
4285,allenview
4285,beaudesert
4285,birnam
4285,bromelton
4285,cainbable
4285,cedar grove
4285,cedar vale
4285,chinghee creek
4285,christmas creek
4285,cryna
4285,darlington
4285,gleneagle
4285,hillview
4285,innisplain
4285,josephville
4285,kagaru
4285,kerry
4285,knapp creek
4285,kooralbyn
4285,lamington
4285,laravale
4285,mount gipps
4285,mundoolun
4285,nindooinbah
4285,oaky creek
4285,tabooba
4285,tabragalba
4285,tamrookum
4285,tamrookum creek
4285,undullah
4285,veresdale
4285,veresdale scrub
4285,woodhill
4287,barney view
4287,mount barney
4287,mount lindesay
4287,palen creek
4287,rathdowney
4287,running creek
4300,augustine heights
4300,bellbird park
4300,brookwater
4300,camira
4300,carole park
4300,gailes
4300,goodna
4300,springfield
4300,springfield lakes
4301,collingwood park
4301,redbank
4301,redbank plains
4303,dinmore
4303,new chum
4303,riverview
4304,blackstone
4304,booval
4304,booval fair
4304,bundamba
4304,ebbw vale
4304,north booval
4304,silkstone
4305,basin pocket
4305,brassall
4305,bremer
4305,churchill
4305,coalfalls
4305,east ipswich
4305,eastern heights
4305,flinders view
4305,ipswich
4305,leichhardt
4305,limestone ridges
4305,moores pocket
4305,newtown
4305,north ipswich
4305,north tivoli
4305,one mile
4305,raceview
4305,sadliers crossing
4305,tivoli
4305,west ipswich
4305,woodend
4305,wulkuraka
4305,yamanto
4306,amberley
4306,avoca vale
4306,banks creek
4306,barellan point
4306,benarkin
4306,benarkin north
4306,blackbutt
4306,blackbutt north
4306,blackbutt south
4306,blacksoil
4306,borallon
4306,cherry creek
4306,chuwar
4306,colinton
4306,deebing heights
4306,dundas
4306,england creek
4306,fairney view
4306,fernvale
4306,glamorgan vale
4306,googa creek
4306,goolman
4306,haigslea
4306,harlin
4306,ironbark
4306,karalee
4306,karana downs
4306,karrabin
4306,kholo
4306,lake manchester
4306,lark hill
4306,linville
4306,moore
4306,mount binga
4306,mount crosby
4306,mount marrow
4306,mount stanley
4306,muirlea
4306,nukku
4306,peak crossing
4306,pine mountain
4306,purga
4306,ripley
4306,south ripley
4306,split yard creek
4306,swanbank
4306,taromeo
4306,teelah
4306,thagoona
4306,vernor
4306,walloon
4306,wanora
4306,white rock
4306,willowbank
4306,wivenhoe pocket
4307,coleyville
4307,harrisville
4307,mutdapilly
4307,radford
4307,silverdale
4307,warrill view
4307,wilsons plains
4309,aratula
4309,charlwood
4309,clumber
4309,fassifern
4309,fassifern valley
4309,frazerview
4309,kalbar
4309,kents lagoon
4309,kulgun
4309,milora
4309,moogerah
4309,morwincha
4309,mount edwards
4309,munbilla
4309,obum obum
4309,tarome
4309,teviotville
4309,washpool
4310,allandale
4310,anthony
4310,blantyre
4310,boonah
4310,bunburra
4310,bunjurgen
4310,burnett creek
4310,cannon creek
4310,carneys creek
4310,coochin
4310,coulson
4310,croftby
4310,dugandan
4310,frenches creek
4310,hoya
4310,kents pocket
4310,maroon
4310,milbong
4310,milford
4310,mount alford
4310,mount french
4310,roadvale
4310,templin
4310,wallaces creek
4310,woolooman
4310,wyaralong
4311,atkinsons dam
4311,brightview
4311,buaraba
4311,buaraba south
4311,churchable
4311,clarendon
4311,coolana
4311,coominya
4311,lockyer waters
4311,lowood
4311,minden
4311,mount tarampa
4311,patrick estate
4311,prenzlau
4311,rifle range
4311,tarampa
4311,wivenhoe hill
4312,bryden
4312,caboonbah
4312,coal creek
4312,crossdale
4312,esk
4312,eskdale
4312,glen esk
4312,moombra
4312,mount byron
4312,mount hallen
4312,murrumba
4312,redbank creek
4312,somerset dam
4313,biarra
4313,braemore
4313,cooeeimbardi
4313,cressbrook
4313,fulham
4313,gregors creek
4313,ivory creek
4313,lower cressbrook
4313,mount beppo
4313,ottaba
4313,scrub creek
4313,toogoolawah
4313,yimbun
4340,ashwell
4340,calvert
4340,ebenezer
4340,grandchester
4340,jeebropilly
4340,lanefield
4340,lower mount walker
4340,merryvale
4340,moorang
4340,mount forbes
4340,mount mort
4340,mount walker
4340,mount walker west
4340,rosevale
4340,rosewood
4340,tallegalla
4340,the bluff
4340,woolshed
4341,blenheim
4341,hatton vale
4341,kensington grove
4341,kentville
4341,laidley
4341,laidley creek west
4341,laidley heights
4341,laidley north
4341,laidley south
4341,mount berryman
4341,mulgowie
4341,plainland
4341,regency downs
4341,summerholm
4341,thornton
4341,townson
4342,crowley vale
4342,forest hill
4342,glen cairn
4342,glenore grove
4342,lockrose
4342,lynford
4343,adare
4343,black duck creek
4343,caffey
4343,college view
4343,east haldon
4343,fordsdale
4343,gatton
4343,ingoldsby
4343,junction view
4343,lake clarendon
4343,lawes
4343,lefthand branch
4343,lower tenthill
4343,morton vale
4343,mount sylvia
4343,placid hills
4343,ringwood
4343,rockside
4343,ropeley
4343,spring creek
4343,upper tenthill
4343,vinegar hill
4343,woodbine
4343,woodlands
4344,carpendale
4344,egypt
4344,flagstone creek
4344,helidon
4344,helidon spa
4344,lilydale
4344,lockyer
4344,rockmount
4344,seventeen mile
4344,silver ridge
4344,stockyard
4344,upper flagstone
4345,gatton college
4346,marburg
4347,grantham
4347,ma ma creek
4347,mount whitestone
4347,veradilla
4347,winwill
4350,athol
4350,blue mountain heights
4350,centenary heights
4350,charlton
4350,clifford gardens
4350,cotswold hills
4350,cranley
4350,darling heights
4350,drayton
4350,drayton north
4350,east toowoomba
4350,finnie
4350,glenvale
4350,gowrie mountain
4350,harlaxton
4350,harristown
4350,kearneys spring
4350,middle ridge
4350,mount kynoch
4350,mount lofty
4350,mount rascal
4350,newtown
4350,north toowoomba
4350,northlands
4350,prince henry heights
4350,rangeville
4350,redwood
4350,rockville
4350,south toowoomba
4350,toowoomba
4350,toowoomba city
4350,toowoomba east
4350,toowoomba south
4350,toowoomba village fair
4350,toowoomba west
4350,top camp
4350,torrington
4350,wellcamp
4350,westbrook
4350,wilsonton
4350,wilsonton heights
4350,wyalla plaza
4352,amiens
4352,ballard
4352,bapaume
4352,birnam
4352,blanchview
4352,branchview
4352,cabarlah
4352,cawdor
4352,cement mills
4352,coalbank
4352,condamine plains
4352,cutella
4352,derrymore
4352,djuan
4352,doctor creek
4352,evergreen
4352,fifteen mile
4352,geham
4352,glencoe
4352,gore
4352,gowrie junction
4352,gowrie little plain
4352,grapetree
4352,groomsville
4352,highfields
4352,highgrove
4352,hodgson vale
4352,iredale
4352,karara
4352,kleinton
4352,kulpi
4352,kurrowah
4352,lilyvale
4352,lyra
4352,maclagan
4352,malling
4352,meringandan
4352,meringandan west
4352,merritts creek
4352,mount luke
4352,muniganeen
4352,murphys creek
4352,narko
4352,north maclagan
4352,nutgrove
4352,oman ama
4352,palmtree
4352,pampas
4352,pechey
4352,peranga
4352,perseverance
4352,postmans ridge
4352,pozieres
4352,preston
4352,ramsay
4352,rangemore
4352,ravensbourne
4352,severnlea
4352,spring bluff
4352,st aubyn
4352,thornville
4352,tummaville
4352,umbiram
4352,upper lockyer
4352,whichello
4352,white mountain
4352,withcott
4352,woodleigh
4352,woolmer
4352,wutul
4352,wyreema
4352,yalangur
4352,yandilla
4353,bergen
4353,east cooyar
4353,haden
4354,douglas
4354,goombungee
4354,kilbirnie
4355,anduramba
4355,cressbrook creek
4355,crows nest
4355,emu creek
4355,jones gully
4355,mountain camp
4355,pierces creek
4355,pinelands
4355,plainby
4355,the bluff
4355,upper pinelands
4356,bongeen
4356,broxburn
4356,evanslea
4356,irongate
4356,kincora
4356,linthorpe
4356,motley
4356,mount tyson
4356,north branch
4356,norwin
4356,pittsworth
4356,purrawunda
4356,rossvale
4356,scrubby mountain
4356,springside
4356,st helens
4356,stoneleigh
4356,yarranlea
4357,bringalily
4357,bulli creek
4357,canning creek
4357,captains mountain
4357,clontarf
4357,condamine farms
4357,cypress gardens
4357,domville
4357,forest ridge
4357,grays gate
4357,kooroongarra
4357,lavelle
4357,lemontree
4357,millmerran
4357,millmerran downs
4357,millmerran woods
4357,millwood
4357,mount emlyn
4357,punchs creek
4357,rocky creek
4357,the pines
4357,turallin
4357,wattle ridge
4357,western creek
4357,woondul
4358,cambooya
4358,felton
4358,felton south
4358,vale view
4359,budgee
4359,greenmount
4359,greenmount east
4359,hirstglen
4359,west haldon
4360,nobby
4361,back plains
4361,clifton
4361,ellangowan
4361,elphinstone
4361,headington hill
4361,kings creek
4361,manapouri
4361,missen flat
4361,mount molar
4361,nevilton
4361,pilton
4361,ryeford
4361,sandy camp
4361,spring creek
4361,upper pilton
4361,victoria hill
4362,allora
4362,berat
4362,deuchar
4362,ellinthorp
4362,goomburra
4362,hendon
4362,mount marshall
4362,talgai
4363,southbrook
4364,brookstead
4365,leyburn
4370,allan
4370,bony mountain
4370,canningvale
4370,cherry gully
4370,clintonvale
4370,cunningham
4370,danderoo
4370,elbow valley
4370,freestone
4370,gladfield
4370,glengallan
4370,greymare
4370,junabee
4370,leslie
4370,leslie dam
4370,loch lomond
4370,maryvale
4370,massie
4370,montrose
4370,morgan park
4370,mount colliery
4370,mount tabor
4370,murrays bridge
4370,north branch
4370,pratten
4370,rodgers creek
4370,rosehill
4370,rosenthal heights
4370,silverwood
4370,sladevale
4370,swan creek
4370,thane
4370,thanes creek
4370,the glen
4370,the hermitage
4370,toolburra
4370,tregony
4370,upper freestone
4370,upper wheatvale
4370,warwick
4370,wheatvale
4370,wildash
4370,willowvale
4370,wiyarra
4370,womina
4371,emu vale
4371,swanfels
4371,yangan
4372,tannymorel
4373,killarney
4373,the falls
4373,the head
4374,dalveen
4375,cottonvale
4375,fleurbaix
4376,thulimbah
4377,glen niven
4377,the summit
4378,applethorpe
4380,broadwater
4380,cannon creek
4380,dalcouth
4380,eukey
4380,glenlyon
4380,greenlands
4380,kyoomba
4380,mingoola
4380,mount tully
4380,nundubbermere
4380,pikedale
4380,springdale
4380,stanthorpe
4380,storm king
4380,sugarloaf
4380,thorndale
4381,glen aplin
4382,ballandean
4382,girraween
4382,somme
4382,wyberba
4383,wallangarra
4384,limevale
4385,beebo
4385,bonshaw
4385,glenarbon
4385,maidenhead
4385,riverton
4385,silver spur
4385,smithlea
4385,texas
4385,watsons crossing
4387,brush creek
4387,bybera
4387,coolmunda
4387,greenup
4387,inglewood
4387,mosquito creek
4387,terrica
4387,warroo
4387,whetstone
4388,kurumbul
4388,yelarbon
4390,billa billa
4390,calingunee
4390,callandoon
4390,goodar
4390,goondiwindi
4390,kindon
4390,lundavra
4390,wondalli
4390,wyaga
4390,yagaburne
4400,kingsthorpe
4401,acland
4401,aubigny
4401,balgowan
4401,biddeston
4401,boodua
4401,devon park
4401,greenwood
4401,highland plains
4401,kelvinhaugh
4401,mount irving
4401,muldu
4401,oakey
4401,rosalie plains
4401,sabine
4401,silverleigh
4401,yargullen
4402,cooyar
4402,kooralgin
4402,upper cooyar creek
4403,brymaroo
4403,jondaryan
4403,malu
4403,mount moriah
4403,quinalow
4403,west prairie
4404,bowenville
4404,formartin
4404,irvingdale
4404,wainui
4405,blaxland
4405,bunya mountains
4405,dalby
4405,ducklo
4405,grassdale
4405,marmadua
4405,pirrinuan
4405,ranges bridge
4405,st ruth
4405,tipton
4405,weranga
4406,boondandilla
4406,hannaford
4406,jimbour
4406,kaimkillenbun
4406,kogan
4406,macalister
4406,moonie
4406,southwood
4406,the gums
4406,weir river
4407,cattle creek
4407,cecil plains
4407,dunmore
4407,nangwee
4408,bell
4410,jandowae
4411,warra
4412,brigalow
4413,baking board
4413,boonarga
4413,burncluith
4413,canaga
4413,chances plain
4413,chinchilla
4413,durah
4413,hopeland
4413,montrose
4413,wieambilla
4415,columboola
4415,dalwogan
4415,gurulmundi
4415,hookswood
4415,kowguran
4415,miles
4415,myall park
4415,pelham
4416,barramornie
4416,condamine
4416,moraby
4416,nangram
4416,pine hills
4416,sunnyside
4416,yulabilla
4417,noorindoo
4417,oberina
4417,parknook
4417,surat
4417,warkon
4417,wellesley
4417,weribone
4418,guluguba
4419,cockatoo
4419,grosmont
4419,wandoan
4420,broadmere
4420,coorada
4420,ghinghinda
4420,glenhaughton
4420,gwambegwine
4420,hornet bank
4420,peek-a-doo
4420,spring creek
4420,taroom
4421,goranba
4421,tara
4422,coomrith
4422,flinton
4422,inglestone
4422,meandarra
4422,westmar
4423,glenmorgan
4423,teelba
4424,drillham
4424,drillham south
4424,glenaubyn
4425,bogandilla
4425,dulacca
4426,jackson
4426,jackson north
4426,jackson south
4427,clifford
4427,yuleba
4427,yuleba north
4427,yuleba south
4428,pickanjinnie
4428,wallumbilla
4428,wallumbilla north
4428,wallumbilla south
4454,baffle west
4454,beilba
4454,durham downs
4454,highland plains
4454,hutton creek
4454,injune
4454,mount hutton
4454,pony hills
4454,simmie
4454,upper dawson
4454,westgrove
4455,ballaroo
4455,blythdale
4455,bungeworgorai
4455,bungil
4455,bymount
4455,cornwall
4455,dargal road
4455,eumamurrin
4455,euthulla
4455,gunnewin
4455,hodgson
4455,mooga
4455,mount abundance
4455,mount bindango
4455,orallo
4455,orange hill
4455,roma
4455,tingun
4455,wycombe
4461,muckadilla
4462,amby
4465,dunkeld
4465,forestvale
4465,mitchell
4465,v gate
4465,womalilla
4467,mungallala
4467,redford
4467,tyrconnel
4468,clara creek
4468,morven
4470,bakers bend
4470,charleville
4470,gowrie station
4470,langlo
4470,murweh
4470,riversleigh
4471,claverton
4471,nardoo siding
4472,blackall
4472,mount enniskillen
4474,adavale
4475,cheepie
4477,augathella
4477,upper warrego
4478,bayrick
4478,caldervale
4478,lansdowne
4478,lumeah
4478,macfarlane
4478,minnie downs
4478,scrubby creek
4478,tambo
4478,windeyer
4478,yandarlo
4479,cooladdi
4480,eromanga
4480,quilpie
4481,farrars creek
4481,tanbar
4481,windorah
4482,birdsville
4486,dirranbandi
4486,hebel
4487,begonia
4487,st george
4488,bollon
4488,nebine
4489,wyandra
4490,barringun
4490,coongoola
4490,cunnamulla
4490,cuttaburra
4490,humeburn
4490,jobs gate
4490,linden
4490,noorama
4490,tuen
4490,widgeegoara
4490,yowah
4491,eulo
4492,bullawarra
4492,bulloo downs
4492,dynevor
4492,nockatunga
4492,norley
4492,thargomindah
4493,hungerford
4494,bungunya
4494,north bungunya
4494,tarawera
4496,north talwood
4496,south talwood
4496,talwood
4497,daymar
4497,thallon
4497,weengallon
4498,kioma
4498,toobeah
4500,bray park
4500,brendale
4500,cashmere
4500,clear mountain
4500,joyner
4500,strathpine
4500,strathpine centre
4500,warner
4501,lawnton
4502,petrie
4503,dakabin
4503,griffin
4503,kallangur
4503,kurwongbah
4503,murrumba downs
4503,whiteside
4504,narangba
4505,burpengary
4506,moorina
4506,morayfield
4507,banksia beach
4507,bellara
4507,bongaree
4507,bribie island
4507,bribie island north
4507,welsby
4507,white patch
4507,woorim
4508,deception bay
4509,mango hill
4509,north lakes
4510,beachmere
4510,bellmere
4510,caboolture
4510,caboolture south
4510,donnybrook
4510,meldale
4510,moodlu
4510,rocksberg
4510,toorbul
4510,upper caboolture
4511,godwin beach
4511,ningi
4511,sandstone point
4512,bracalba
4512,wamuran
4512,wamuran basin
4514,bellthorpe
4514,cedarton
4514,commissioners flat
4514,d'aguilar
4514,delaneys creek
4514,mount archer
4514,mount delaney
4514,neurum
4514,stanmore
4514,stony creek
4514,villeneuve
4514,woodford
4515,glenfern
4515,hazeldean
4515,jimna
4515,kilcoy
4515,kingaham
4515,monsildale
4515,mount kilcoy
4515,royston
4515,sandy creek
4515,sheep station creek
4515,winya
4515,woolmar
4516,elimbah
4517,beerburrum
4518,glass house mountains
4519,beerwah
4519,coochin creek
4519,crohamhurst
4519,peachester
4520,armstrong creek
4520,camp mountain
4520,cedar creek
4520,closeburn
4520,draper
4520,enoggera reservoir
4520,highvale
4520,jollys lookout
4520,kobble creek
4520,mount glorious
4520,mount nebo
4520,mount samson
4520,samford
4520,samford valley
4520,samford village
4520,samsonvale
4520,wights mountain
4520,yugar
4521,campbells pocket
4521,dayboro
4521,king scrub
4521,laceys creek
4521,mount mee
4521,mount pleasant
4521,ocean view
4521,rush creek
4550,landsborough
4550,mount mellum
4551,aroona
4551,battery hill
4551,bells creek
4551,caloundra
4551,caloundra west
4551,currimundi
4551,dicky beach
4551,golden beach
4551,kings beach
4551,little mountain
4551,meridan plains
4551,moffat beach
4551,pelican waters
4551,shelly beach
4552,bald knob
4552,balmoral ridge
4552,booroobin
4552,cambroon
4552,conondale
4552,crystal waters
4552,curramore
4552,elaman creek
4552,harper creek
4552,maleny
4552,north maleny
4552,reesville
4552,witta
4552,wootha
4553,diamond valley
4553,glenview
4553,mooloolah
4553,mooloolah valley
4553,palmview
4554,eudlo
4554,ilkley
4555,chevallum
4555,hunchy
4555,landers shoot
4555,palmwoods
4556,buderim
4556,forest glen
4556,kunda park
4556,mons
4556,sippy downs
4556,tanawha
4557,mooloolaba
4557,mountain creek
4558,cotton tree
4558,kuluin
4558,maroochydore
4558,sunshine plaza
4559,diddillibah
4559,kiels mountain
4559,west woombye
4559,woombye
4560,bli bli
4560,burnside
4560,coes creek
4560,cooloolabin
4560,dulong
4560,flaxton
4560,highworth
4560,image flat
4560,kiamba
4560,kulangoor
4560,kureelpa
4560,mapleton
4560,montville
4560,nambour
4560,nambour west
4560,parklands
4560,perwillowen
4560,rosemount
4560,towen mountain
4561,bridges
4561,maroochy river
4561,ninderry
4561,north arm
4561,valdora
4561,yandina
4561,yandina creek
4562,belli park
4562,doonan
4562,eerwah vale
4562,eumundi
4562,verrierdale
4562,weyba downs
4563,black mountain
4563,carters ridge
4563,cooroy
4563,cooroy mountain
4563,lake macdonald
4563,ridgewood
4563,tinbeerwah
4564,marcoola
4564,mudjimba
4564,pacific paradise
4564,twin waters
4565,boreen point
4565,cooroibah
4565,cootharaba
4565,noosa north shore
4565,ringtail creek
4565,tewantin
4566,noosaville
4567,castaways beach
4567,noosa heads
4567,sunrise beach
4567,sunshine beach
4568,pinbarren
4568,pomona
4569,cooran
4570,amamoor
4570,amamoor creek
4570,anderleigh
4570,araluen
4570,banks pocket
4570,beenaam valley
4570,bella creek
4570,bells bridge
4570,bollier
4570,brooloo
4570,calgoa
4570,calico creek
4570,canina
4570,cedar pocket
4570,chatsworth
4570,coles creek
4570,coondoo
4570,corella
4570,curra
4570,dagun
4570,downsfield
4570,east deep creek
4570,fishermans pocket
4570,gilldora
4570,glanmire
4570,glastonbury
4570,glen echo
4570,glenwood
4570,goomboorian
4570,greens creek
4570,gunalda
4570,gympie
4570,imbil
4570,jones hill
4570,kandanga
4570,kandanga creek
4570,kanigan
4570,kia ora
4570,kybong
4570,lagoon pocket
4570,lake borumba
4570,langshaw
4570,long flat
4570,lower wonga
4570,marodian
4570,marys creek
4570,mcintosh creek
4570,melawondi
4570,miva
4570,monkland
4570,mooloo
4570,mothar mountain
4570,munna creek
4570,nahrunda
4570,neerdie
4570,neusa vale
4570,north deep creek
4570,paterson
4570,pie creek
4570,ross creek
4570,scotchy pocket
4570,scrubby creek
4570,sexton
4570,southside
4570,st mary
4570,tamaree
4570,tandur
4570,the dawn
4570,the palms
4570,theebine
4570,toolara forest
4570,traveston
4570,tuchekoi
4570,two mile
4570,upper glastonbury
4570,upper kandanga
4570,veteran
4570,victory heights
4570,wallu
4570,widgee
4570,widgee crossing north
4570,widgee crossing south
4570,wilsons pocket
4570,wolvi
4570,woolooga
4570,woondum
4571,como
4571,kin kin
4572,alexandra headland
4573,coolum beach
4573,marcus beach
4573,mount coolum
4573,peregian beach
4573,peregian beach south
4573,peregian springs
4573,point arkwright
4573,yaroomba
4574,coolabine
4574,gheerulla
4574,kenilworth
4574,kidaman creek
4574,moy pocket
4574,obi obi
4575,birtinya
4575,bokarina
4575,buddina
4575,minyama
4575,parrearra
4575,warana
4575,wurtulla
4580,cooloola
4580,cooloola cove
4580,tin can bay
4581,eurong
4581,fraser island
4581,inskip
4581,orchid beach
4581,rainbow beach
4600,black snake
4600,cinnabar
4600,kilkivan
4600,mudlo
4600,oakview
4601,barambah
4601,boonara
4601,booubyjan
4601,goomeri
4601,goomeribong
4601,kinbombi
4601,manumbar
4601,manyung
4601,tansey
4601,wrattens forest
4605,barlil
4605,byee
4605,cherbourg
4605,cloyna
4605,cobbs hill
4605,crownthorpe
4605,glenrock
4605,kitoba
4605,merlwood
4605,moffatdale
4605,moondooner
4605,murgon
4605,oakdale
4605,redgate
4605,silverleaf
4605,sunny nook
4605,tablelands
4605,warnung
4605,windera
4605,wooroonden
4606,chelmsford
4606,fairdale
4606,ficks crossing
4606,greenview
4606,leafdale
4606,mount mceuen
4606,mp creek
4606,wheatlands
4606,wondai
4608,charlestown
4608,cushnie
4608,tingoora
4608,wilkesdale
4608,wooroolin
4610,alice creek
4610,ballogie
4610,benair
4610,booie
4610,boonenne
4610,boyneside
4610,chahpingah
4610,coolabunia
4610,corndale
4610,crawford
4610,dangore
4610,durong
4610,durong south
4610,ellesmere
4610,goodger
4610,gordonbrook
4610,haly creek
4610,hodgleigh
4610,inverlaw
4610,ironpot
4610,kingaroy
4610,kumbia
4610,mannuem
4610,memerambi
4610,taabinga
4610,wattle grove
4611,marshlands
4611,mondure
4612,hivesville
4612,kawl kawl
4612,keysland
4612,stonelands
4612,wigton
4613,abbeywood
4613,boondooma
4613,brigooda
4613,coverty
4613,kinleymore
4613,melrose
4613,okeden
4613,proston
4613,speedwell
4613,stalworth
4614,neumgna
4614,upper yarraman
4614,yarraman
4615,barker creek flat
4615,brooklands
4615,bullcamp
4615,east nanango
4615,elgin vale
4615,glan devon
4615,johnstown
4615,kunioon
4615,maidenwell
4615,nanango
4615,pimpimbudgee
4615,runnymede
4615,sandy ridges
4615,south east nanango
4615,south nanango
4615,tarong
4615,wattle camp
4615,wengenville
4615,wyalla
4620,aramara
4620,brooweena
4620,doongul
4620,gigoomgan
4620,glenbar
4620,gungaloon
4620,malarga
4620,north aramara
4620,teebar
4620,woocoo
4621,biggenden
4621,boompa
4621,coalstoun lakes
4621,coringa
4621,dallarnil
4621,degilbo
4621,didcot
4621,golden fleece
4621,lakeside
4621,wateranga
4621,woowoonga
4625,aranbanga
4625,ban ban
4625,ban ban springs
4625,barlyne
4625,binjour
4625,blairmore
4625,bon accord
4625,branch creek
4625,byrnestown
4625,campbell creek
4625,deep creek
4625,dirnbir
4625,dundarrah
4625,gayndah
4625,ginoondan
4625,gooroolba
4625,harriet
4625,humphery
4625,ideraway
4625,mingo
4625,mount debateable
4625,mount lawless
4625,penwhaupell
4625,pile gully
4625,reids creek
4625,stockhaven
4625,the limits
4625,toondahra
4625,wahoon
4625,wetheron
4625,wilson valley
4625,woodmillar
4625,yenda
4626,beeron
4626,boynewood
4626,brovinia
4626,cattle creek
4626,coonambula
4626,derri derra
4626,dykehead
4626,glenrae
4626,gurgeena
4626,hawkwood
4626,monogorilby
4626,mundowran
4626,mundubbera
4626,o'bil bil
4626,old cooranga
4626,philpott
4626,riverleigh
4627,abercorn
4627,ceratodus
4627,cheltenham
4627,cynthia
4627,eidsvold
4627,eidsvold east
4627,eidsvold west
4627,grosvenor
4627,malmoe
4627,wuruma dam
4630,bancroft
4630,bukali
4630,cania
4630,cannindah
4630,coominglah
4630,coominglah forest
4630,dalga
4630,glenleigh
4630,harrami
4630,kalpowar
4630,kapaldo
4630,langley
4630,monal
4630,monto
4630,moonford
4630,mulgildie
4630,mungungo
4630,rawbelle
4630,selene
4630,splinter creek
4630,tellebang
4630,three moon
4630,ventnor
4630,yarrol
4650,aldershot
4650,antigua
4650,bauple
4650,bauple forest
4650,beaver rock
4650,bidwill
4650,boonooroo
4650,boonooroo plains
4650,duckinwilla
4650,dundathu
4650,dunmora
4650,ferney
4650,glenorchy
4650,gootchie
4650,grahams creek
4650,granville
4650,gundiah
4650,island plantation
4650,maaroom
4650,magnolia
4650,maryborough
4650,maryborough west
4650,mount steadman
4650,mount urah
4650,mungar
4650,netherby
4650,oakhurst
4650,owanyilla
4650,pallas street maryborough
4650,pilerwa
4650,pioneers rest
4650,poona
4650,prawle
4650,st helens
4650,talegalla weir
4650,tandora
4650,teddington
4650,the dimonds
4650,thinoomba
4650,tiaro
4650,tinana
4650,tinana south
4650,tinnanbar
4650,tuan
4650,tuan forest
4650,walkers point
4650,yengarie
4650,yerra
4655,booral
4655,bunya creek
4655,craignish
4655,dundowran
4655,dundowran beach
4655,eli waters
4655,great sandy strait
4655,happy valley
4655,hervey bay
4655,kawungan
4655,nikenbah
4655,pialba
4655,point vernon
4655,river heads
4655,scarness
4655,sunshine acres
4655,susan river
4655,takura
4655,toogoom
4655,torquay
4655,urangan
4655,urraween
4655,walliebum
4655,walligan
4655,wondunna
4659,beelbi creek
4659,burgowan
4659,burrum
4659,burrum heads
4659,burrum river
4659,burrum town
4659,howard
4659,pacific haven
4660,abington
4660,apple tree creek
4660,buxton
4660,cherwell
4660,childers
4660,cordalba
4660,doolbi
4660,eureka
4660,farnsfield
4660,goodwood
4660,gregory river
4660,horton
4660,isis central
4660,isis river
4660,kullogum
4660,north gregory
4660,north isis
4660,promisedland
4660,redridge
4660,south isis
4660,woodgate
4662,torbanlea
4670,abbotsford
4670,alloway
4670,ashfield
4670,avenell heights
4670,avoca
4670,avondale
4670,bargara
4670,branyan
4670,bucca
4670,bundaberg
4670,bundaberg central
4670,bundaberg east
4670,bundaberg north
4670,bundaberg south
4670,bundaberg west
4670,burnett heads
4670,calavos
4670,coonarr
4670,coral cove
4670,electra
4670,elliott
4670,elliott heads
4670,fairymead
4670,givelda
4670,gooburrum
4670,innes park
4670,kalkie
4670,kensington
4670,kepnock
4670,kinkuna
4670,meadowvale
4670,millbank
4670,mon repos
4670,moore park beach
4670,moorland
4670,mullett creek
4670,norville
4670,pine creek
4670,qunaba
4670,rubyanna
4670,sharon
4670,south bingera
4670,south kolan
4670,svensson heights
4670,thabeban
4670,walkervale
4670,watalgan
4670,welcome creek
4670,winfield
4670,woongarra
4671,boolboonda
4671,booyal
4671,bullyard
4671,bungadoo
4671,dalysford
4671,damascus
4671,delan
4671,doughboy
4671,drinan
4671,duingal
4671,gaeta
4671,gin gin
4671,good night
4671,horse camp
4671,kolonga
4671,lake monduran
4671,maroondan
4671,mcilwraith
4671,molangul
4671,monduran
4671,moolboolaman
4671,morganville
4671,mount perry
4671,mungy
4671,nearum
4671,new moonta
4671,redhill farms
4671,skyring reserve
4671,st agnes
4671,st kilda
4671,takilberan
4671,tirroan
4671,wallaville
4671,wonbah
4671,wonbah forest
4673,miara
4673,waterloo
4673,yandaran
4674,baffle creek
4674,berajondo
4674,deepwater
4674,euleilah
4674,mount maria
4674,oyster creek
4674,rosedale
4674,rules beach
4674,taunton
4676,gindoran
4676,lowmead
4677,agnes water
4677,captain creek
4677,eurimbula
4677,miriam vale
4677,mount tom
4677,round hill
4677,seventeen seventy
4678,bororen
4678,foreshores
4678,rodds bay
4678,turkey beach
4680,barney point
4680,beecher
4680,benaraby
4680,boyne island
4680,boyne valley
4680,boynedale
4680,builyan
4680,burua
4680,byellee
4680,callemondah
4680,calliope
4680,clinton
4680,curtis island
4680,diglum
4680,gladstone
4680,gladstone south
4680,glen eden
4680,heron island
4680,iveragh
4680,kin kora
4680,kirkwood
4680,many peaks
4680,mount alma
4680,nagoorin
4680,new auckland
4680,o'connell
4680,river ranch
4680,south end
4680,south gladstone
4680,south trees
4680,sun valley
4680,tablelands
4680,tannum sands
4680,taragoola
4680,telina
4680,toolooa
4680,ubobo
4680,west gladstone
4680,west stowe
4680,wooderson
4680,wurdong heights
4694,aldoga
4694,targinie
4694,yarwun
4695,ambrose
4695,bracewell
4695,darts creek
4695,east end
4695,machine creek
4695,mount larcom
4695,the narrows
4697,raglan
4699,bajool
4699,port alma
4700,allenstown
4700,depot hill
4700,fairy bower
4700,great keppel island
4700,port curtis
4700,rockhampton
4700,rockhampton city
4700,rockhampton hospital
4700,the keppels
4700,the range
4700,wandal
4700,west rockhampton
4701,berserker
4701,central queensland university
4701,frenchville
4701,greenlake
4701,ironpot
4701,kawana
4701,koongal
4701,lakes creek
4701,limestone creek
4701,mount archer
4701,nankin
4701,nerimbera
4701,norman gardens
4701,north rockhampton
4701,park avenue
4701,rockhampton north
4701,rockhampton shopping fair
4701,rockyview
4701,sandringham
4701,the common
4702,alberta
4702,alsace
4702,alton downs
4702,anakie
4702,argoon
4702,balcomba
4702,banana
4702,baralaba
4702,barnard
4702,bingegang
4702,blackdown
4702,bluff
4702,boolburra
4702,bouldercombe
4702,bushley
4702,canal creek
4702,canoona
4702,cawarral
4702,consuelo
4702,coomoo
4702,coorooman
4702,coorumbene
4702,coowonga
4702,dalma
4702,dingo
4702,dixalea
4702,dululu
4702,dumpy creek
4702,etna creek
4702,fernlees
4702,gainsford
4702,garnant
4702,gindie
4702,glenroy
4702,gogango
4702,goomally
4702,goovigen
4702,goowarra
4702,gracemere
4702,jambin
4702,jardine
4702,jellinbah
4702,joskeleigh
4702,kabra
4702,kalapa
4702,keppel sands
4702,kokotungo
4702,kunwarara
4702,lowesby
4702,mackenzie
4702,marmor
4702,midgee
4702,milman
4702,mimosa
4702,moonmera
4702,morinish
4702,morinish south
4702,mount chalmers
4702,nine mile
4702,parkhurst
4702,pheasant creek
4702,pink lily
4702,plum tree
4702,ridgelands
4702,rolleston
4702,rossmoya
4702,rubyvale
4702,sapphire
4702,shoalwater
4702,smoky creek
4702,south yaamba
4702,stanage
4702,stanwell
4702,stewarton
4702,the caves
4702,thompson point
4702,tungamull
4702,ulogie
4702,wallaroo
4702,westwood
4702,willows
4702,willows gemfields
4702,woolein
4702,wooroona
4702,wowan
4702,wycarbah
4702,yaraka
4703,adelaide park
4703,bangalee
4703,barlows hill
4703,barmaryee
4703,barmoya
4703,bondoola
4703,bungundarra
4703,byfield
4703,causeway lake
4703,cobraball
4703,cooee bay
4703,farnborough
4703,hidden valley
4703,inverness
4703,kinka beach
4703,lake mary
4703,lammermoor
4703,maryvale
4703,meikleville hill
4703,mulambin
4703,mulara
4703,pacific heights
4703,rosslyn
4703,stockyard
4703,tanby
4703,taranganba
4703,taroomball
4703,weerriba
4703,woodbury
4703,yeppoon
4704,wattlebank
4704,yaamba
4705,clarke creek
4705,lotus creek
4705,mackenzie river
4705,marlborough
4705,mount gardiner
4706,ogmore
4707,collaroy
4707,st lawrence
4709,tieri
4710,emu park
4710,zilzie
4711,glendale
4711,glenlee
4712,duaringa
4713,woorabinda
4714,baree
4714,boulder creek
4714,fletcher creek
4714,hamilton creek
4714,horse creek
4714,johnsons hill
4714,leydens hill
4714,limestone
4714,moongan
4714,mount morgan
4714,nine mile creek
4714,oakey creek
4714,struck oil
4714,the mine
4714,trotter creek
4714,walmul
4714,walterhall
4714,wura
4715,biloela
4715,callide
4715,castle creek
4715,dakenba
4715,dumgree
4715,greycliffe
4715,mount murchison
4715,orange creek
4715,prospect
4715,tarramba
4715,valentine plains
4716,lawgi dawes
4716,thangool
4717,blackwater
4718,bauhinia
4718,dromedary
4718,kianga
4718,moura
4718,mungabunda
4718,oombabeer
4718,rhydding
4718,roundstone
4718,warnoah
4719,camboon
4719,cracow
4719,glenmoral
4719,isla
4719,lonesome creek
4719,theodore
4720,emerald
4720,yamala
4721,argyll
4721,clermont
4721,frankfield
4721,gemini mountains
4721,kilcummin
4721,pasha
4721,theresa creek
4721,wolfang
4722,buckland
4722,cairdbeign
4722,cona creek
4722,nandowrie
4722,orion
4722,springsure
4722,wealwandangie
4723,belcong
4723,capella
4723,carbine creek
4723,chirnside
4723,crinum
4723,hibernia
4723,khosh bulduk
4723,lilyvale
4723,lowestoff
4723,mount macarthur
4723,retro
4724,alpha
4724,beaufort
4724,drummondslope
4724,hobartville
4724,pine hill
4724,port wine
4724,sedgeford
4724,surbiton
4725,barcaldine
4725,barcaldine downs
4725,patrick
4726,aramac
4726,pelican creek
4727,ilfracombe
4728,dunrobin
4728,garfield
4728,jericho
4728,mexico
4730,camoola
4730,chorregon
4730,ernestina
4730,longreach
4730,maneroo
4730,morella
4730,tocal
4730,vergemont
4731,isisford
4732,muttaburra
4732,tablederry
4733,corfield
4735,diamantina lakes
4735,middleton
4735,opalton
4735,winton
4736,jundah
4737,armstrong beach
4737,blue mountain
4737,freshwater point
4737,sarina
4737,sarina beach
4737,sarina range
4737,sunnyside
4738,ilbilbie
4738,koumala
4739,carmila
4740,alexandra
4740,alligator creek
4740,andergrove
4740,bakers creek
4740,balberra
4740,balnagowan
4740,beaconsfield
4740,belmunda
4740,blacks beach
4740,cape hillsborough
4740,chelona
4740,coningsby
4740,cremorne
4740,dolphin heads
4740,dumbleton
4740,dundula
4740,dunnrock
4740,east mackay
4740,eimeo
4740,erakala
4740,foulden
4740,glenella
4740,grasstree beach
4740,habana
4740,haliday bay
4740,hay point
4740,homebush
4740,mackay
4740,mackay caneland
4740,mackay harbour
4740,mackay north
4740,mackay south
4740,mackay west
4740,mcewens beach
4740,mount jukes
4740,mount pleasant
4740,munbura
4740,nindaroo
4740,north mackay
4740,ooralea
4740,paget
4740,racecourse
4740,richmond
4740,rosella
4740,rural view
4740,sandiford
4740,slade point
4740,south mackay
4740,te kowai
4740,the leap
4740,west mackay
4741,ball bay
4741,brampton island
4741,brightly
4741,clairview
4741,coppabella
4741,daydream island
4741,epsom
4741,eton
4741,eton north
4741,eungella hinterland
4741,farleigh
4741,gargett
4741,hampden
4741,hazledean
4741,hook island
4741,kalarka
4741,kinchant dam
4741,kuttabul
4741,lindeman island
4741,long island
4741,mount charlton
4741,mount ossa
4741,mount pelion
4741,north eton
4741,oakenden
4741,orkabie
4741,owens creek
4741,pinnacle
4741,pleystowe
4741,seaforth
4741,south molle
4741,yalboroo
4742,burton
4742,eaglefield
4742,elphinstone
4742,hail creek
4742,kemmis
4742,mount britton
4742,nebo
4742,oxford
4742,strathfield
4742,turrawulla
4742,valkyrie
4743,glenden
4743,suttor
4744,moranbah
4745,dysart
4746,may downs
4746,middlemount
4750,bucasia
4750,shoal point
4751,greenmount
4751,palmyra
4751,victoria plains
4751,walkerston
4753,devereux creek
4753,marian
4754,benholme
4754,dows creek
4754,mia mia
4754,mirani
4754,mount martin
4754,pinevale
4754,septimus
4756,finch hatton
4756,netherdale
4757,broken river
4757,crediton
4757,dalrymple heights
4757,eungella
4757,eungella dam
4798,calen
4798,mentmore
4798,pindi pindi
4798,st helens beach
4799,bloomsbury
4799,midge point
4800,andromache
4800,brandy creek
4800,breadalbane
4800,cannon valley
4800,cape conway
4800,cape gloucester
4800,conway
4800,conway beach
4800,crystal brook
4800,dingo beach
4800,dittmer
4800,foxdale
4800,glen isla
4800,goorganga creek
4800,goorganga plains
4800,gregory river
4800,gunyarra
4800,hamilton plains
4800,hideaway bay
4800,kelsey creek
4800,laguna quays
4800,lake proserpine
4800,lethebrook
4800,mount julian
4800,mount marlow
4800,mount pluto
4800,myrtlevale
4800,palm grove
4800,pauls pocket
4800,preston
4800,proserpine
4800,riordanvale
4800,silver creek
4800,strathdickie
4800,sugarloaf
4800,thoopara
4800,wilson beach
4801,hayman island
4802,airlie beach
4802,cannonvale
4802,flametree
4802,jubilee pocket
4802,mandalay
4802,mount rooper
4802,shute harbour
4802,woodwark
4803,hamilton island
4804,collinsville
4804,mount coolon
4804,mount wyatt
4804,newlands
4804,scottville
4804,springlands
4805,binbee
4805,bogie
4805,bowen
4805,brisk bay
4805,delta
4805,gumlu
4805,guthalungra
4805,merinda
4805,queens beach
4806,carstairs
4806,fredericksfield
4806,home hill
4806,inkerman
4806,kirknie
4806,osborne
4806,rangemore
4806,wangaratta
4806,wunjunga
4807,airdmillan
4807,airville
4807,alva
4807,ayr
4807,clare
4807,claredale
4807,dalbeg
4807,eight mile creek
4807,jarvisfield
4807,mcdesme
4807,millaroo
4807,mona park
4807,mount kelly
4807,mulgrave
4807,parkside
4807,rita island
4807,swans lagoon
4808,brandon
4808,colevale
4809,barratta
4809,cromarty
4809,giru
4809,horseshoe lagoon
4809,jerona
4809,mount surround
4809,shirbourne
4809,upper haughton
4810,belgian gardens
4810,cape cleveland
4810,castle hill
4810,north ward
4810,pallarenda
4810,railway estate
4810,rowes bay
4810,shelly beach
4810,south townsville
4810,town common
4810,townsville
4810,west end
4811,cluden
4811,idalia
4811,james cook university
4811,mount stuart
4811,oak valley
4811,oonoonba
4811,roseneath
4811,stuart
4811,wulguru
4812,currajong
4812,gulliver
4812,hermit park
4812,hyde park castletown
4812,mundingburra
4812,mysterton
4812,pimlico
4812,rosslea
4814,aitkenvale
4814,annandale
4814,cranbrook
4814,douglas
4814,garbutt
4814,garbutt east
4814,heatley
4814,mount louisa
4814,murray
4814,vincent
4815,condon
4815,gumlow
4815,kelso
4815,pinnacles
4815,rasmussen
4816,alligator creek
4816,balgal beach
4816,barringha
4816,brookhill
4816,buchanan
4816,calcium
4816,carruchan
4816,clemant
4816,crimea
4816,crystal creek
4816,cungulla
4816,ellerbeck
4816,greenvale
4816,hidden valley
4816,julago
4816,kennedy
4816,macrossan
4816,majors creek
4816,malpas-trenton
4816,mingela
4816,mount elliot
4816,mutarnee
4816,nelia
4816,nome
4816,palm island
4816,paluma
4816,pentland
4816,prairie
4816,ravenswood
4816,reid river
4816,rollingstone
4816,ross river
4816,savannah
4816,sellheim
4816,the cape
4816,toomulla
4816,toonpan
4816,torrens creek
4816,woodstock
4817,alice river
4817,bohle plains
4817,hervey range
4817,kirwan
4817,rangewood
4817,thuringowa central
4818,beach holm
4818,black river
4818,blue hills
4818,bluewater
4818,bluewater park
4818,bohle
4818,burdell
4818,bushland beach
4818,deeragun
4818,jensen
4818,lynam
4818,mount low
4818,mount st john
4818,saunders beach
4818,shaw
4818,toolakea
4818,yabulu
4819,arcadia
4819,florence bay
4819,horseshoe bay
4819,magnetic island
4819,nelly bay
4819,picnic bay
4819,west point
4820,alabama hill
4820,balfes creek
4820,basalt
4820,black jack
4820,breddan
4820,broughton
4820,campaspe
4820,charters towers
4820,columbia
4820,dotswood
4820,grand secret
4820,lissner
4820,llanarth
4820,millchester
4820,mosman park
4820,queenton
4820,richmond hill
4820,seventy mile
4820,southern cross
4820,toll
4820,towers hill
4821,dutton river
4821,hughenden
4821,porcupine
4821,stamford
4821,tangorin
4822,albion
4822,bellfield
4822,burleigh
4822,cambridge
4822,maxwelton
4822,nonda
4822,richmond
4822,saxby
4822,victoria vale
4822,woolgar
4823,carpentaria
4823,julia creek
4823,kynuna
4823,mckinlay
4823,stokes
4823,taldora
4823,warburton
4824,cloncurry
4824,four ways
4824,gidya
4824,kuridala
4824,oorindi
4824,three rivers
4825,alexandria
4825,alpurrurulam
4825,barkly
4825,breakaway
4825,buckingham
4825,carrandotta
4825,dajarra
4825,duchess
4825,fielding
4825,fisher
4825,georgina
4825,gunpowder
4825,happy valley
4825,healy
4825,kalkadoon
4825,lanskey
4825,lawn hill
4825,menzies
4825,mica creek
4825,miles end
4825,mornington
4825,mount isa
4825,mount isa east
4825,parkside
4825,pioneer
4825,piturie
4825,ryan
4825,soldiers hill
4825,spreadborough
4825,sunset
4825,the gap
4825,the monument
4825,townview
4825,waverley
4825,winston
4828,camooweal
4829,amaroo
4829,bedourie
4829,boulia
4829,min min
4829,sturt
4829,toko
4829,warenda
4829,wills
4830,burketown
4830,doomadgee
4830,gregory
4830,gregory downs
4830,nicholson
4849,cardwell
4849,damper creek
4849,hinchinbrook
4849,lumholtz
4849,rungoo
4850,abergowrie
4850,allingham
4850,bambaroo
4850,bemerside
4850,blackrock
4850,braemeadows
4850,coolbie
4850,cordelia
4850,dalrymple creek
4850,foresthome
4850,forrest beach
4850,gairloch
4850,garrawalt
4850,halifax
4850,hawkins creek
4850,helens hill
4850,ingham
4850,lannercost
4850,long pocket
4850,lucinda
4850,macknade
4850,mount fox
4850,orient
4850,peacock siding
4850,taylors beach
4850,toobanna
4850,trebonne
4850,upper stone
4850,valley of lagoons
4850,victoria estate
4850,victoria plantation
4850,wallaman
4850,wharps
4850,yuruga
4852,bingil bay
4852,carmoo
4852,djiru
4852,dunk
4852,garners beach
4852,midgeree bar
4852,mission beach
4852,south mission
4852,tam o'shanter
4852,wongaling beach
4854,bilyana
4854,birkalla
4854,bulgun
4854,cardstone
4854,dingo pocket
4854,djarawong
4854,east feluga
4854,euramo
4854,feluga
4854,hull heads
4854,jarra creek
4854,kooroomool
4854,lower tully
4854,merryburn
4854,midgenoo
4854,mount mackay
4854,munro plains
4854,murray upper
4854,murrigal
4854,rockingham
4854,silky oak
4854,tully
4854,tully heads
4854,walter hill
4854,warrami
4855,daveson
4855,el arish
4855,friday pocket
4855,granadilla
4855,jaffa
4855,maadi
4855,maria creeks
4855,shell pocket
4856,goolboo
4856,japoonvale
4856,mccutcheon
4856,no 4 branch
4856,no 5 branch
4856,silkwood
4856,walter lever estate
4857,silkwood east
4858,comoon loop
4858,etty bay
4858,martyville
4858,mourilyan
4858,mourilyan harbour
4858,new harbourline
4859,no 6 branch
4859,south johnstone
4860,bamboo creek
4860,belvedere
4860,coconuts
4860,cooroo lands
4860,coorumba
4860,coquette point
4860,cullinane
4860,daradgee
4860,east innisfail
4860,east palmerston
4860,eaton
4860,eubenangee
4860,fitzgerald creek
4860,flying fish point
4860,garradunga
4860,goondi
4860,goondi bend
4860,goondi hill
4860,hudson
4860,innisfail
4860,innisfail estate
4860,jubilee heights
4860,mighell
4860,mundoo
4860,nerada
4860,njatjan
4860,o'briens hill
4860,palmerston
4860,pin gin hill
4860,south innisfail
4860,stoters hill
4860,sundown
4860,upper daradgee
4860,vasa views
4860,wanjuru
4860,webb
4860,wooroonooran
4861,babinda
4861,bartle frere
4861,east russell
4865,goldsborough
4865,gordonvale
4865,green hill
4865,kamma
4865,little mulgrave
4865,packers camp
4865,redbank
4868,bayview heights
4868,mount sheridan
4868,white rock
4868,woree
4869,bentley park
4869,edmonton
4869,mount peter
4869,wrights creek
4870,aeroglen
4870,barron gorge
4870,brinsmead
4870,bungalow
4870,cairns
4870,cairns central
4870,cairns north
4870,cairns orchid plaza
4870,earlville
4870,edge hill
4870,freshwater
4870,kamerunga
4870,kanimbla
4870,lamb range
4870,manoora
4870,manunda
4870,mooroobool
4870,north cairns
4870,parramatta park
4870,portsmith
4870,redlynch
4870,stratford
4870,westcourt
4870,whitfield
4871,abingdon downs
4871,almaden
4871,aloomba
4871,amber
4871,arbouin
4871,archer river
4871,aurukun
4871,basilisk
4871,bellenden ker
4871,bellevue
4871,blackbull
4871,bolwarra
4871,bombeeta
4871,boogan
4871,bramston beach
4871,bulleringa
4871,camp creek
4871,chillagoe
4871,claraville
4871,coen
4871,conjuboy
4871,coralie
4871,cowley
4871,cowley beach
4871,cowley creek
4871,croydon
4871,crystalbrook
4871,currajah
4871,deeral
4871,desailly
4871,dixie
4871,east creek
4871,east trinity
4871,edward river
4871,einasleigh
4871,esmeralda
4871,fishery falls
4871,fitzroy island
4871,forsayth
4871,fossilbrook
4871,gamboola
4871,georgetown
4871,germantown
4871,gilbert river
4871,glen boughton
4871,green island
4871,groganville
4871,gununa
4871,highbury
4871,holroyd river
4871,hurricane
4871,julatten
4871,karron
4871,kowanyama
4871,kurrimine beach
4871,lakefield
4871,lakeland
4871,laura
4871,lizard
4871,lockhart
4871,lower cowley
4871,lyndhurst
4871,lyndside
4871,macalister range
4871,maramie
4871,mena creek
4871,miriwinni
4871,moresby
4871,mornington island
4871,mount carbine
4871,mount molloy
4871,mount mulgrave
4871,mount mulligan
4871,mount surprise
4871,northhead
4871,nychum
4871,palmer
4871,petford
4871,pormpuraaw
4871,portland roads
4871,ravensworth
4871,red river
4871,rookwood
4871,sandy pocket
4871,south wellesley islands
4871,southedge
4871,springfield
4871,staaten
4871,stockton
4871,strathmore
4871,talaroo
4871,thornborough
4871,utchee creek
4871,wangan
4871,warrubullen
4871,waugh pocket
4871,wellesley islands
4871,west wellesley islands
4871,woopen creek
4871,wrotham
4871,yagoonya
4871,yarrabah
4871,yarraden
4872,barrine
4872,barwidgi
4872,danbulla
4872,dimbulah
4872,forty mile
4872,glen ruth
4872,gunnawarra
4872,innot hot springs
4872,kairi
4872,kirrama
4872,koombooloomba
4872,kowrowa
4872,lake tinaroo
4872,minnamoolka
4872,mount garnet
4872,munderra
4872,mutchilba
4872,silver valley
4872,tinaroo
4872,wairuna
4872,walkamin
4873,bamboo
4873,bonnie doon
4873,cape tribulation
4873,cassowary
4873,cooya beach
4873,cow bay
4873,dagmar
4873,daintree
4873,dedin
4873,diwan
4873,finlay vale
4873,forest creek
4873,kimberley
4873,low isles
4873,lower daintree
4873,miallo
4873,mossman
4873,mossman gorge
4873,newell
4873,noah
4873,rocky point
4873,shannonvale
4873,spurgeon
4873,stewart creek valley
4873,syndicate
4873,thornton beach
4873,upper daintree
4873,whyanbeel
4873,wonga
4874,evans landing
4874,jardine river
4874,mapoon
4874,mission river
4874,nanum
4874,napranum
4874,rocky point
4874,shelburne
4874,trunding
4874,weipa
4874,weipa airport
4874,wenlock
4875,badu island
4875,coconut island
4875,darnley island
4875,dauan island
4875,erub
4875,horn island
4875,kubin village
4875,mabuiag island
4875,moa island
4875,mulgrave island
4875,murray island
4875,saibai island
4875,stephens island
4875,thursday island
4875,warraber island
4875,yam island
4875,yorke island
4876,bamaga
4876,injinoo
4876,new mapoon
4876,seisia
4876,umagico
4877,craiglie
4877,killaloe
4877,mowbray
4877,oak beach
4877,port douglas
4877,wangetti
4878,barron
4878,caravonica
4878,holloways beach
4878,machans beach
4878,smithfield
4878,yorkeys knob
4879,clifton beach
4879,ellis beach
4879,kewarra beach
4879,palm cove
4879,trinity beach
4879,trinity park
4880,arriga
4880,biboohra
4880,chewko
4880,glen russell
4880,mareeba
4880,paddys green
4881,koah
4881,kuranda
4881,mona mona
4881,speewah
4882,tolga
4883,atherton
4883,carrington
4883,east barron
4883,upper barron
4883,wongabel
4884,gadgarra
4884,lake barrine
4884,lake eacham
4884,yungaburra
4885,butchers creek
4885,glen allyn
4885,jaggan
4885,kureen
4885,malanda
4885,north johnstone
4885,peeramon
4885,tarzali
4885,topaz
4886,beatrice
4886,ellinjaa
4886,maalan
4886,middlebrook
4886,millaa millaa
4886,minbun
4886,moregatta
4886,mungalli
4887,herberton
4887,irvinebank
4887,kalunga
4887,moomin
4887,watsonville
4887,wondecla
4888,evelyn
4888,kaban
4888,millstream
4888,ravenshoe
4888,tumoulin
4890,howitt
4890,norman
4890,normanton
4891,karumba
4895,bloomfield
4895,cooktown
4895,degarra
4895,helenvale
4895,hope vale
4895,rossville
4895,starcke
4895,wujal wujal
